Coin,trades,active_days,volume_usd,gross_pnl,fees,net_pnl,net_pnl_per_1k_volume
@107,29992,149,55760858.63,2783912.919016,5953.22478799,2777959.69422801,49.819169978373225
HYPE,68005,147,141990206.05,1948484.599761,25361.93044,1923122.669321,13.544051542849353
SOL,10691,160,125074752.06,1639555.927506,27956.304402,1611599.623104,12.885091487776002
ETH,11158,329,118280994.07,1319978.838852,23091.303645,1296887.535207,10.964462595228849
BTC,26064,286,644232116.63,868044.732638,139224.226804,728820.505834,1.1313011056426132
MELANIA,4428,76,7040710.45,390351.069856,1010.388542,389340.681314,55.298493536827664
ENA,990,66,1625400.5,217329.503554,276.427878,217053.075676,133.53821145988329
SUI,1979,139,7781167.59,199268.834922,2003.206129,197265.628793,25.35167460555878
ZRO,1239,23,1213825.42,183777.783689,234.069003,183543.714686,151.21096630683513
DOGE,826,53,2452103.46,147543.156534,522.224289,147020.932245,59.95706732741204
PURR/USDC,2774,135,1642418.69,75261.058019,1844.556381,73416.501638,44.700235137972044
AIXBT,819,45,1273650.18,73712.168895,353.555758,73358.613137,57.59714424646805
BERA,1054,19,2056756.0,73689.746587,357.108461,73332.638126,35.654515229808496
USUAL,598,40,962189.37,69631.943237,176.989257,69454.95398,72.18428736122911
EIGEN,330,32,417781.52999999997,65030.852352,57.578273,64973.274079,155.5197379812363
AVAX,202,39,400115.48,48297.313845000004,104.733294,48192.580551,120.44667842143973
ETHFI,311,24,769716.13,43929.006074,253.150573,43675.855501,56.742809197723325
JUP,644,43,1496950.4,42909.223316999996,488.149084,42421.074233,28.338329869179365
kBONK,1647,66,2995780.58,35551.245276,266.038007,35285.207269,11.778301623478713
JELLY,992,18,2193971.31,35193.716244,341.111631,34852.604613,15.88562459962159
PURR,1198,100,1098592.1,26766.355202,137.889422,26628.46578,24.238719521103416
@85,132,14,49034.5,26506.140009,12.27432479,26493.86568421,540.3107135631036
ONDO,1463,41,1726582.09,24570.824905,172.208685,24398.61622,14.131164895843439
WLD,1983,117,2792841.63,22281.920156,621.7480410000001,21660.172115,7.755603426392639
ANIME,660,22,590255.83,21317.258031,153.981422,21163.276609,35.85441351591564
ZEREBRO,769,31,1320048.45,21166.925278,196.170378,20970.7549,15.886352428958194
LAYER,478,7,1060068.85,20496.4351,259.913192,20236.521908,19.089818466036427
VIRTUAL,570,37,1361590.25,19544.481508,400.023245,19144.458263,14.06036673881882
kPEPE,1730,77,2450800.07,18676.997284,425.37706000000003,18251.620224,7.447208953278674
TAO,1082,26,1693805.35,16817.94047,258.256182,16559.684288,9.776615883283164
MOODENG,107,12,161956.47,16167.348348000001,56.343802000000004,16111.004546,99.47737528485277
ME,488,28,316205.37,16011.899938,43.735331,15968.164606999999,50.49934669673699
PNUT,586,13,961622.8200000001,14844.964381,228.755043,14616.209338,15.199524214701976
NEAR,223,18,813006.76,13957.535979,34.420961,13923.115018,17.12546033196575
RNDR,176,9,619792.36,13566.322558,-0.02604099999999998,13566.348598999999,21.88853795971283
TIA,322,47,764851.23,13021.498254,175.741148,12845.757106,16.79510550829604
@151,324,8,574271.34,11583.842769,58.240347208,11525.602421792,20.069959301454958
SEI,235,19,1266275.0,9957.777466,355.51860999999997,9602.258856,7.583075442538154
ARB,147,30,311759.41,9634.58006,67.279657,9567.300403,30.688088622569563
APE,692,83,655500.97,9731.40994,169.22250400000001,9562.187436,14.587602267011139
WIF,289,35,588175.4,8984.600779,60.095476,8924.505303,15.173203950726263
TURBO,83,6,183553.46,8540.129944,46.163856,8493.966088000001,46.275161950093455
MAVIA,298,13,345694.75,8257.300045,43.546591,8213.753454,23.76013362655927
OP,173,30,340426.57,8078.296967,43.161125,8035.135842000001,23.6031395610513
GOAT,104,15,376116.52,8142.94114,131.155022,8011.786118,21.301340653688914
AI16Z,540,48,631600.28,8024.352668,106.70966,7917.643008,12.535844676952962
PENDLE,1165,72,619760.27,7712.609738,148.46486,7564.144878,12.204952857013568
JTO,134,11,355918.02,7408.051171,104.719831,7303.33134,20.519700969341194
@142,1309,33,2486351.27,7450.359672,181.1329677428,7269.2267042572,2.923652338254361
AAVE,585,77,1100411.81,7485.007984,307.524146,7177.483838,6.522543444894507
GRIFFAIN,562,51,583690.79,7092.139995,82.510808,7009.6291870000005,12.009148177582176
FTM,89,10,464105.23,6916.166218,40.904411,6875.261807,14.814014931484397
FTT,1560,68,384755.3,6909.363767,95.193397,6814.17037,17.71040027258884
ZORA,152,2,340924.26,6816.51283,40.48243,6776.0304,19.875471461021867
RUNE,322,35,672350.38,6244.389123,93.611194,6150.777929,9.148173499953998
RENDER,234,20,231090.13,6100.258256,62.404672,6037.853584,26.127699975762702
INJ,158,28,347802.64,5919.778398,18.587856,5901.190542,16.96706655820669
ALT,249,12,452509.6,5870.702544,60.254412,5810.4481319999995,12.840496935313638
SPX,90,9,289426.51,5612.831099,35.788356,5577.042743,19.269287885895455
LTC,191,35,343217.55,5626.143524,76.977524,5549.166,16.16807182499846
@109,20,10,5670.66,5414.08414,4.339841,5409.744299,953.9884773553696
ILV,159,12,319713.52,5309.104755,49.230855,5259.8739,16.451834442284454
TNSR,693,60,415869.25,5106.264766,120.234159,4986.030607,11.989418806511903
PENGU,927,67,1012148.96,5217.341266,270.84249,4946.498776,4.887125286380773
CHILLGUY,215,36,266880.32,4727.794586,42.10151,4685.693076,17.55728214054899
VINE,811,13,676727.95,4777.252708,120.803947,4656.448761,6.880828198391983
ZETA,245,10,313968.58,4622.601501,6.366141,4616.23536,14.702857719074945
LINK,355,85,443972.69,4601.098394,120.091159,4481.007235,10.092979446551093
MEME,107,20,173898.29,4457.20042,20.248082,4436.952338,25.51464041423294
BLUR,78,15,175549.22,3353.129145,40.43442,3312.6947250000003,18.87046108777926
TST,165,6,490758.53,3357.994369,55.336389,3302.6579800000004,6.729700612641415
XRP,1774,101,5343210.53,3756.901464999999,701.847927,3055.053538,0.5717636467526575
IP,469,12,477338.87,3043.288104,60.948891,2982.339213,6.2478448759054555
COMP,95,3,113669.31,2814.398024,22.59069,2791.807334,24.56078368030914
ACE,25,2,72261.42,2760.71491,-1.445217,2762.160127,38.224548133706755
@59,46,11,24622.53,2557.105607,3.42914384,2553.67646316,103.71300037648447
MOVE,122,12,130978.56,2562.894536,19.355341,2543.539195,19.41950800955515
PROMPT,125,5,231701.51,2377.976177,37.779475,2340.196702,10.100049421343867
VVV,85,4,213572.86000000002,2212.897418,29.261099,2183.6363189999997,10.224315575490253
SAND,205,53,95828.66,2213.437927,32.424351,2181.013576,22.759512404744047
HPOS,125,25,74362.93,1979.33753,14.584517,1964.753013,26.421135006380197
HBAR,238,43,75989.03,1909.508064,24.054131,1885.453933,24.81218582471707
BIGTIME,51,5,117712.14,1838.5441700000001,8.266083,1830.2780870000001,15.548762319672381
OGN,258,1,58247.64,1752.668422,12.329002000000001,1740.33942,29.878282107223573
PYTH,149,13,419640.75,1824.119272,106.25753,1717.861742,4.093648536277756
APT,114,14,216136.03,1749.189965,38.682409,1710.507556,7.914032454468605
SCR,32,1,49793.18,1612.97536,17.427599999999998,1595.5477600000002,32.04349993312337
kFLOKI,35,6,37380.89,1607.436125,12.999206000000001,1594.436919,42.653797675764274
STX,128,8,173875.01,1583.885992,17.911187,1565.974805,9.00632474442417
NTRN,99,11,248372.3,1601.759155,38.152874,1563.6062809999999,6.295413300919628
WCT,47,1,58468.89,1531.72532,5.613056,1526.112264,26.101269649552098
W,592,22,306770.28,1593.757483,89.378912,1504.378571,4.903925409593132
MANTA,96,17,78103.9,1483.648906,1.796647,1481.852259,18.9728330979631
BADGER,190,11,153716.13999999998,1439.733233,26.619014,1413.114219,9.193011345457935
MKR,95,9,31634.96,1416.279513,5.240722,1411.038791,44.60377983724335
BIO,170,6,150146.37,1298.512254,17.831362,1280.680892,8.529549478951774
GRASS,201,26,156915.52,1253.272989,38.909302,1214.363687,7.738964807305231
XAI,8,2,64998.32,1074.213807,-0.21026599999999984,1074.4240730000001,16.53002836073302
YGG,37,13,53533.630000000005,1043.757286,7.607006,1036.15028,19.355128355764403
CAKE,58,7,38885.57,1022.846751,5.290676,1017.556075,26.16796089140522
BRETT,145,14,144922.78,958.287363,29.567062,928.720301,6.408380387127544
HYPER,31,2,119127.13,874.4737,18.802759000000002,855.670941,7.18283854399917
GMX,120,6,124024.95,699.433714,39.662501,659.771213,5.319665220586664
TRX,80,2,73744.58,670.1615039999999,19.918613999999998,650.24289,8.817500757343794
BLAST,59,9,22402.65,632.386224,7.188952,625.197272,27.90729096780961
POLYX,14,1,32669.5,618.133683,3.13626,614.9974229999999,18.824818959580032
MATIC,38,8,231562.53,668.931017,57.650151,611.280866,2.639809065827705
SUSHI,106,19,47324.92,605.441925,14.453028999999999,590.988896,12.487900581765379
IMX,53,19,11225.06,540.2160399999999,3.086106,537.129934,47.85096329106482
@1,34,15,3661.69,496.746238,0.59480175,496.15143625,135.4979357209376
DYDX,151,24,397233.48,539.164485,131.676024,407.488461,1.025816003726574
PIXEL,23,3,34839.78,405.89459999999997,-0.69679,406.59139,11.670320248864947
MORPHO,40,4,69483.86,421.871013,21.126048,400.744965,5.767453981399421
@74,9,7,383.36,371.633249,0.413268,371.219981,968.3325881677797
@125,29,8,5731.41,370.264567,1.48692427,368.77764273,64.34326679298812
PEOPLE,2,2,1360.49,360.646005,0.340123,360.305882,264.83537695977185
INIT,31,1,49061.87,364.5007,10.835395,353.66530500000005,7.208557378673092
USTC,50,8,10848.34,346.69317,3.578297,343.11487300000005,31.6283295877526
UNI,61,28,44427.01,347.766005,14.66273,333.10327500000005,7.497764873215642
UNIBOT,4,2,2333.2599999999998,325.055769,0.583313,324.472456,139.0639945826869
GMT,104,25,66397.39,328.62974099999997,22.579527,306.050214,4.609371151486527
LDO,109,41,35277.39,306.921971,11.913036,295.008935,8.362549922202295
SHIA,5,2,1279.06,273.568643,0.31976,273.248883,213.63257626694605
@37,13,8,1850.98,298.859201,27.074796000000003,271.784405,146.83270753870923
kSHIB,36,14,83627.17,279.13726399999996,21.51942,257.61784400000005,3.0805519785017244
LOOM,5,2,1715.72,215.057055,0.525466,214.531589,125.03881111137017
FET,49,4,106291.12,229.1654,17.752245,211.413155,1.9890011037610669
ETC,5,4,1928.3799999999999,205.04848,0.482094,204.56638600000002,106.081989027059
AR,13,2,10309.88,203.38219999999998,0.557876,202.824324,19.672811322731206
MINA,8,1,12246.55,198.7045,0.21217700000000003,198.492323,16.20801964634938
CYBER,2,2,1191.71,191.5296,0.297926,191.231674,160.46829681717867
STG,7,2,10728.33,179.54376000000002,-0.214564,179.758324,16.755480489507683
GALA,41,14,19057.6,184.138024,6.670135,177.467889,9.312184587776006
BNB,156,28,413782.45,303.200972,137.521464,165.67950800000003,0.4004024530281553
REZ,28,3,12262.95,163.08528,3.892454,159.192826,12.98160931912794
RSR,32,3,19577.24,165.431328,6.36178,159.069548,8.125228479601821
DOT,74,18,153984.59,193.48789299999999,41.391899,152.095994,0.9877351623302046
DYM,19,7,14764.33,122.891343,1.888008,121.00333499999999,8.195653646321912
ZK,56,14,3515.14,99.656693,1.230279,98.426414,28.00070950232423
BABY,3,1,3903.33,98.7298,0.854964,97.874836,25.074701857132244
ORDI,39,5,19765.6,99.593622,6.751743,92.841879,4.697144483344802
AI,51,11,16491.09,94.826156,5.126133,89.700023,5.439302253519931
ATOM,79,20,7665.85,88.234264,2.683001,85.551263,11.160049179151692
RLB,4,2,1914.8,75.947736,0.4787,75.469036,39.41353457280134
@53,4,4,69.77000000000001,67.86470700000001,0.022143,67.84256400000001,972.3744302708901
@35,4,3,68.30000000000001,67.028127,0.022919,67.005208,981.0425768667641
GAS,2,2,739.53,60.6139,0.184881,60.429019,81.71273511554637
MYRO,15,3,47222.34,53.47767,-0.781078,54.258748000000004,1.1490059154205405
@138,4,2,109.53999999999999,50.950684,0.036803,50.913881,464.79716085448246
@47,4,3,51.14,50.313458,0.017169,50.296289,983.5019358623387
@103,7,6,40.0,38.558036,0.013415999999999999,38.54462,963.6155000000001
@41,5,5,38.239999999999995,36.73844,0.003574,36.734866,960.6398012552302
SUPER,10,5,1293.37,35.197902,0.45267399999999997,34.745228000000004,26.864105399073743
NEIROETH,2,2,409.70000000000005,34.161578,0.143393,34.018185,83.03193800341712
@31,3,3,33.61,33.212273,0.011291,33.200982,987.8304671228802
MEW,12,7,1305.31,32.46208,0.456847,32.005233000000004,24.51925826048985
@100,4,3,42.67,27.627142,0.0448066,27.5823354,646.41048511835
ARK,36,5,10111.66,27.189288,2.902588,24.2867,2.4018509324878408
@153,102,3,117912.92,35.217067,11.319555,23.897512,0.2026708523544324
ALGO,7,5,3867.61,18.36352,1.311681,17.051839,4.4088827467092075
@93,2,2,16.33,15.954796,0.004899,15.949897,976.7236374770363
@36,3,3,16.1,15.663073,0.005407,15.657666,972.5258385093167
@113,5,5,42.28,16.92622,1.451161,15.475059,366.0136944181646
@33,4,3,15.18,13.566929,0.005082,13.561847,893.4023056653492
@39,2,2,12.57,12.238556,0.004224,12.234332,973.2961018297533
BOME,8,6,1319.38,12.248102000000001,0.461778,11.786324,8.933229244038866
@38,9,4,538.6700000000001,33.271993,23.865228000000002,9.406765,17.462945773850407
@40,9,3,413.94,12.149683,5.010256,7.139426999999998,17.247492390201472
kNEIRO,5,3,882.27,5.319437000000001,0.308792,5.010645,5.679264850895985
@117,4,3,14.77,4.631689,0.05505500000000001,4.576633999999999,309.86012186865264
REQ,19,1,2277.65,4.947336,0.511849,4.435486999999999,1.9473962197879389
LISTA,2,2,1994.73,4.46974,0.6702250000000001,3.7995150000000004,1.9047765863049135
@114,2,2,1.32,1.309077,0.000396,1.308681,991.4249999999998
MAV,2,1,21.049999999999997,0.0189,0.007071,0.011829,0.5619477434679335
@17,1,1,0.0,0.0,0.0,0.0,
@15,2,1,1.11,0.0,0.0,0.0,0.0
@21,1,1,0.94,0.0,0.0,0.0,0.0
@34,2,2,0.81,0.0,0.0,0.0,0.0
@32,1,1,0.01,0.0,0.0,0.0,0.0
@18,1,1,0.46,0.0,0.0,0.0,0.0
@11,1,1,0.61,0.0,0.0,0.0,0.0
@30,1,1,0.69,0.0,0.0,0.0,0.0
@19,2,1,0.81,0.0,0.0,0.0,0.0
@28,2,2,1.74,0.0,0.0,0.0,0.0
@25,1,1,0.65,0.0,0.0,0.0,0.0
@42,1,1,0.74,0.0,0.0,0.0,0.0
@6,1,1,0.03,0.0,0.0,0.0,0.0
@45,1,1,0.54,0.0,0.0,0.0,0.0
@46,3,2,0.5700000000000001,0.0,0.0,0.0,0.0
@7,1,1,0.03,0.0,0.0,0.0,0.0
@48,1,1,0.68,0.0,0.0,0.0,0.0
@44,3,3,0.77,0.0,0.0,0.0,0.0
@61,1,1,0.62,0.0,0.0,0.0,0.0
@86,1,1,10.17,0.0,0.00020994,-0.00020994,-0.02064306784660767
@12,3,3,8.91,0.0,0.002989,-0.002989,-0.3354657687991021
@68,1,1,10.09,0.0,0.00314588,-0.00314588,-0.3117819623389495
@24,3,2,2.71,-0.002936,0.0009090000000000001,-0.003845,-1.418819188191882
@16,4,3,35.9,-0.060429,0.012048999999999999,-0.072478,-2.0188857938718665
@10,4,3,37.31,-0.063484,0.012517,-0.076001,-2.037014205306888
@29,6,3,23.73,-0.078374,0.007962,-0.086336,-3.638263801095659
@13,3,2,52.86000000000001,-0.12379,0.017757000000000002,-0.141547,-2.6777714718123344
@26,10,3,24.62,-0.25801799999999997,0.008246,-0.266264,-10.814947197400487
@78,15,3,6550.37,0.0,0.48189234,-0.48189234,-0.0735671939142369
@23,34,3,5218.84,0.0,1.10649763,-1.10649763,-0.21201984157398962
MERL,2,1,96.53,-3.17364,0.020469,-3.1941089999999996,-33.089288304154145
@3,23,5,575.81,0.462514,4.421376,-3.958862,-6.875292197078898
@116,5,5,11.85,1.722949,5.784013,-4.061064,-342.70582278481015
@123,163,2,400024.33,0.0,4.20183797,-4.20183797,-0.010503956021874969
@152,88,1,59831.5,0.599998,5.743726,-5.143728,-0.08597023307120832
IOTA,7,1,12495.93,-2.454844,4.373569,-6.828413,-0.5464509644340197
ENS,4,1,20014.59,-7.121359999999999,5.003645,-12.125005,-0.6058083128357863
BNT,10,1,5828.41,-17.60528,2.039937,-19.645217000000002,-3.3705962689652926
@63,2,2,59.95,-20.663546,0.02052089,-20.68406689,-345.02196647206
MNT,8,4,1340.22,-21.057177,0.46907299999999996,-21.526249999999997,-16.06172867141215
@95,2,1,120.78,-29.438061,1.132768,-30.570829,-253.11168239774796
TON,30,4,53812.28,-18.09871,18.833978000000002,-36.932688,-0.6863245341026248
FIL,5,1,19806.989999999998,-35.27859,4.951744000000001,-40.230334,-2.031118004300502
@49,5,2,959.28,-40.712216999999995,0.37440680000000004,-41.0866238,-42.83068947543992
@112,7,5,759.63,-52.114723999999995,5.9003179999999995,-58.015041999999994,-76.37276305569816
@9,3,3,242.32,-58.564889,1.8389963,-60.4038853,-249.2732143446682
BANANA,8,4,1078.52,-81.48518800000001,0.26962600000000003,-81.75481400000001,-75.80277973519269
@4,885,49,87457.2,-95.963977,17.595607,-113.55958399999994,-1.298458949063084
@124,8,2,1173.08,-128.603876,0.29957404,-128.90345004,-109.88462000886555
@2,5,2,999.88,-0.907946,131.04356700000002,-131.951513,-131.96734908188984
FXS,101,10,113054.22,-121.92971200000001,28.939717,-150.869429,-1.3344873725191329
CANTO,10,2,20132.280000000002,-188.49813000000003,5.032861,-193.530991,-9.612969370582963
@8,276,23,44809.65,162.720529,466.588252,-303.867723,-6.781300969768789
@51,220,17,18319.94,-330.876576,5.76111253,-336.63768853,-18.375479861287758
@14,17,2,849.28,0.0,343.66645,-343.66645,-404.65623822532024
@147,5,1,612.5600000000001,-350.632694,0.205813,-350.838507,-572.7414571633799
OM,43,8,13968.95,-775.0843229999999,4.657621,-779.741944,-55.81965315932837
@20,39,10,1087.94,4.738087999999999,814.484598,-809.74651,-744.2933525745904
@83,36,7,1426.41,-1087.633355,0.38405022,-1088.01740522,-762.7662489887199
CRV,138,9,121969.81999999999,-1249.722505,31.910579000000002,-1281.633084,-10.50778859885175
ZEN,30,3,38169.05,-1475.390707,1.363601,-1476.754308,-38.689836608456325
STRK,48,13,83026.4,-1517.376015,10.103218,-1527.479233,-18.397512514091904
NIL,226,1,481868.22,-3175.273635,159.411132,-3334.6847669999997,-6.920325160683973
@135,1,1,15.56,-5981.36399,0.005226,-5981.369216,-384406.76195372746
POPCAT,1152,44,803456.85,-7922.181871,190.697891,-8112.879762,-10.097467912558093
S,144,4,224183.08,-8644.845718,32.092767,-8676.938485,-38.70469834297932
KAITO,435,18,897912.98,-8735.140961,212.65371,-8947.794671,-9.965102265255148
PAXG,1265,5,3047336.39,-18688.874329,568.814553,-19257.688882,-6.3195152806874715
IO,352,28,252981.67,-21893.910518,83.55143,-21977.461948,-86.87373258307606
ADA,581,52,1094836.4,-28113.46197,121.57845,-28235.04042,-25.789278124110602
FARTCOIN,4650,103,8311390.4,-100687.213185,2357.939012,-103045.152197,-12.39806425131949
TRUMP,1920,33,7349346.94,-364824.908179,1729.745411,-366554.65359,-49.87581299162344
