date,trades,volume_usd,gross_pnl,fees,net_pnl
2023-05-01,3,477.0,0.0,0.0,0.0
2023-12-05,9,50005.83,0.0,12.501455,-12.501455
2023-12-14,11,113203.35,-205.43473700000007,28.300831000000002,-233.73556800000003
2023-12-15,2,10609.95,-24.632033999999997,2.652489,-27.284523
2023-12-16,3,15348.77,0.0,3.8371890000000004,-3.8371890000000004
2023-12-17,14,116278.02,304.982785,29.069499,275.91328599999997
2023-12-18,2,31164.179999999997,0.0,7.791045,-7.791045
2023-12-19,15,91602.41,1000.5386120000001,22.900596,977.638016
2023-12-20,18,141636.79,162.732282,35.409187,127.323095
2023-12-21,49,125233.97,537.211402,31.308469,505.902933
2023-12-22,10,88874.28,141.832675,22.218566000000003,119.61410899999998
2023-12-23,13,78438.25,146.936704,19.609555,127.327149
2023-12-24,39,402954.94,1008.619956,100.738715,907.881241
2023-12-25,3,59948.51,-245.081348,14.987124999999999,-260.068473
2023-12-27,28,171411.06,-704.8892269999999,42.852747,-747.741974
2023-12-28,23,100117.25,-970.730876,25.0293,-995.760176
2023-12-29,50,569559.72,508.92214299999995,142.389901,366.532242
2023-12-30,52,702550.21,354.998648,175.637526,179.36112199999997
2024-01-01,18,264239.52999999997,-129.53146,66.059867,-195.59132699999998
2024-01-02,17,121348.74,783.979116,30.337176,753.64194
2024-01-03,67,394499.36,866.015507,98.624811,767.390696
2024-01-04,5,99792.54000000001,-67.60364,24.948132,-92.551772
2024-01-05,66,1703942.66,164.141565,425.985639,-261.844074
2024-01-06,22,298521.4,135.58166400000002,74.630342,60.95132200000004
2024-01-07,97,1048850.06,-835.681235,262.212464,-1097.893699
2024-01-08,128,1522452.43,-269.874439,380.613064,-650.4875030000002
2024-01-09,70,870051.97,-826.349863,204.012928,-1030.3627910000002
2024-01-10,193,2057479.48,-1517.091342,434.044865,-1951.136207
2024-01-11,21,305314.1,-164.08950099999998,75.867171,-239.95667199999997
2024-01-12,7,200082.27,-1925.519024,49.480726999999995,-1974.999751
2024-01-15,14,50636.1,152.85358,12.652712,140.200868
2024-01-16,9,116427.33,-2299.171458,17.319309,-2316.4907670000002
2024-01-17,53,800831.03,813.2741110000001,159.707606,653.566505
2024-01-18,46,424631.52999999997,68.93319,92.657901,-23.724710999999996
2024-01-19,48,428428.97,-385.419235,93.051868,-478.471103
2024-01-20,106,1070090.51,-146.57487000000003,267.522583,-414.097453
2024-01-21,11,103129.74,266.58114600000005,25.78243,240.79871599999998
2024-01-22,85,337878.99,1375.640959,67.478268,1308.162691
2024-01-23,45,414518.93000000005,-369.2447299999998,85.72457,-454.96929999999986
2024-01-24,68,965084.59,-2808.353815,227.771095,-3036.12491
2024-01-25,6,66566.13,-3093.6293849999997,16.641532,-3110.270917
2024-01-26,5,11773.21,90.2,0.444235,89.755765
2024-01-28,11,18109.03,-2478.06972,-0.362176,-2477.707544
2024-01-29,74,414208.18,486.562542,103.26260500000001,383.299937
2024-01-30,49,401011.38,-173.65419100000003,100.25281,-273.90700100000004
2024-01-31,859,6305647.13,-799.840817,1549.411475,-2349.252292
2024-02-01,6,2008.18,0.0,0.5020439999999999,-0.5020439999999999
2024-02-02,42,474278.43,456.423473,91.569636,364.853837
2024-02-03,56,603820.0,223.30918699999998,109.662349,113.64683800000003
2024-02-04,35,203187.53,47.62389499999999,50.52688,-2.9029850000000166
2024-02-05,72,770198.26,-33.45419400000003,165.549465,-199.00365900000008
2024-02-06,1088,8047153.41,-215.615907,988.606997,-1204.222904
2024-02-07,15,6758.73,241.24212,0.339693,240.902427
2024-02-08,10,26051.12,770.756024,3.0028870000000003,767.7531369999999
2024-02-11,34,212311.82,983.443176,24.955292,958.487884
2024-02-12,16,227247.69999999998,913.8817869999998,27.111911,886.7698759999998
2024-02-13,14,1999.99,559.44389,-0.039992,559.483882
2024-02-14,111,320839.88,3830.599833,22.917474000000002,3807.682359
2024-02-15,63,185188.04,1840.797677,30.706297,1810.09138
2024-02-16,182,564896.51,5491.768834,27.22517,5464.543664
2024-02-17,94,406118.07,1929.6418,62.055053,1867.586747
2024-02-18,97,157048.17,477.6248299999999,-3.140925,480.7657549999999
2024-02-19,101,286377.2,4317.768563,14.85262,4302.915943
2024-02-20,39,119419.72,3263.628824,3.073675,3260.555149
2024-02-21,22,108047.51999999999,1858.7985700000002,2.970629,1855.827941
2024-02-22,88,373033.87,3894.1050699999996,25.45258,3868.6524899999995
2024-02-23,143,111106.14,1418.55293,-2.067069,1420.619999
2024-02-25,5,4480.13,-30.7705,-0.0896,-30.6809
2024-02-26,39,192187.14,4416.8473,-0.09772499999999981,4416.945025
2024-02-27,63,209362.3,888.511733,-3.761609,892.2733420000001
2024-02-28,45,171107.13,2503.747235,-1.377152,2505.124387
2024-02-29,116,395666.73,9813.996992,1.3590849999999999,9812.637907
2024-03-01,137,472974.7,8244.241409,-0.546854,8244.788263
2024-03-02,31,63197.56,230.90060000000005,-0.4691290000000001,231.36972899999995
2024-03-03,79,390745.68,8361.086245,-2.507103,8363.593348
2024-03-04,300,1577996.87,27799.775742,-0.559449,27800.335191
2024-03-05,180,841810.32,19791.026041,-4.438459,19795.464500000002
2024-03-06,82,327218.02,6814.825139,-3.355318,6818.1804569999995
2024-03-08,67,183583.18,4271.886236,-3.6716290000000003,4275.557865
2024-03-09,117,658178.75,9949.501624,1.8517640000000002,9947.64986
2024-03-10,42,219973.85,2482.9272,2.281072,2480.646128
2024-03-11,42,176519.44999999998,3588.179495,8.47289,3579.7066050000003
2024-03-12,8,103040.85,3039.166,4.945953,3034.220047
2024-03-13,7,6000.799999999999,0.0,2.100278,-2.100278
2024-03-14,18,205933.18,3465.865832,11.716792,3454.14904
2024-03-15,62,351894.41,6236.513651,49.485003,6187.0286479999995
2024-03-16,8,37223.66,228.57984,10.52828,218.05156
2024-03-17,23,99506.95,503.293955,33.763329,469.5306259999999
2024-03-18,19,90458.08,1456.9577,24.943279999999998,1432.01442
2024-03-19,24,219884.84,668.797973,25.988312,642.809661
2024-03-20,69,215705.85,6423.134599,39.878838,6383.255760999999
2024-03-21,28,117895.57,2335.5080749999997,16.394750000000002,2319.1133250000003
2024-03-24,19,92592.20999999999,1297.018477,8.888837,1288.12964
2024-03-25,7,57116.32,1302.916428,19.990712,1282.925716
2024-03-26,118,198565.19,3215.906593,28.147402999999997,3187.7591899999998
2024-03-27,38,99864.79,150.41114,31.717952,118.693188
2024-03-28,13,35323.72,227.85100799999998,9.059229,218.791779
2024-03-29,15,86914.37,883.097404,30.420029999999997,852.677374
2024-03-30,45,101103.92,1100.57514,9.939454,1090.635686
2024-03-31,13,39912.96,912.786145,13.969522000000001,898.8166229999999
2024-04-01,77,339470.47,2507.963406,83.751362,2424.212044
2024-04-02,41,239664.50999999998,883.760812,80.13257399999999,803.628238
2024-04-03,4,16887.57,126.7884,1.661201,125.12719899999999
2024-04-04,32,95987.73,0.0,33.595684999999996,-33.595684999999996
2024-04-05,100,503791.8,10706.484306,103.430138,10603.054168
2024-04-06,16,68223.67,236.33513399999998,23.878277,212.45685699999999
2024-04-07,23,49988.14,0.0,17.495845,-17.495845
2024-04-08,30,211940.64,1218.4267,61.790548,1156.636152
2024-04-09,3,57063.840000000004,0.0,19.972341,-19.972341
2024-04-10,41,351735.97,5207.443414,123.107562,5084.335852
2024-04-11,16,76400.96,389.743164,26.740329,363.002835
2024-04-12,129,442088.59,-592.6458390000001,97.560875,-690.206714
2024-04-13,89,486411.25,6621.451755,118.999176,6502.452579000001
2024-04-14,107,659162.17,-36104.012520000004,213.477404,-36317.489924
2024-04-15,41,291111.19,3774.08872,40.650603999999994,3733.438116
2024-04-16,47,181907.17,2467.702221,18.457685,2449.244536
2024-04-17,14,97562.99,2441.4683999999997,10.620963,2430.8474370000004
2024-04-19,35,337257.92000000004,1946.4454620000001,118.04025999999999,1828.4052020000001
2024-04-20,22,60733.24,0.0,121.289047,-121.289047
2024-04-22,9,47993.61,0.0,16.797764,-16.797764
2024-04-23,66,233054.9,1119.536196,71.308476,1048.2277199999999
2024-04-24,20,141275.24,279.185907,49.446315999999996,229.73959100000002
2024-04-25,74,120241.01,0.0,160.159512,-160.159512
2024-04-26,3,4988.290000000001,0.0,1.745898,-1.745898
2024-04-27,27,154264.47,4281.488139,53.99255,4227.495589
2024-04-28,58,43985.6,0.0,15.394946,-15.394946
2024-04-29,45,108699.01,526.9338359999999,38.04463,488.889206
2024-04-30,24,125018.75,0.0,43.75655,-43.75655
2024-05-01,14,87025.45,0.0,30.458908,-30.458908
2024-05-03,36,282682.64999999997,5306.017045,98.910681,5207.106364
2024-05-04,9,58998.75,0.0,20.649559,-20.649559
2024-05-05,6,24068.350000000002,0.916,8.412778,-7.496778
2024-05-06,9,206016.43,968.59038,72.105746,896.484634
2024-05-07,18,108717.58,883.537693,38.039061,845.4986319999999
2024-05-08,13,65973.57,1.56576,23.076826,-21.511066
2024-05-09,28,221966.12,1147.595856,77.688132,1069.9077240000001
2024-05-10,22,156882.0,2101.741695,54.90869,2046.833005
2024-05-11,9,63248.95,251.604742,22.137125,229.46761700000002
2024-05-12,23,55179.56,0.0,19.312829,-19.312829
2024-05-13,28,193118.9,2136.853859,67.591599,2069.26226
2024-05-14,23,145853.4,1150.5233050000002,51.048685,1099.4746200000002
2024-05-15,36,234922.57,948.970582,82.222887,866.747695
2024-05-16,27,162620.96,214.5898,56.91732,157.67248
2024-05-18,25,126303.14,3522.3946610000003,44.206092,3478.188569
2024-05-19,8,29998.09,0.0,10.499327000000001,-10.499327000000001
2024-05-20,10,38124.75,-74.818442,13.343662,-88.162104
2024-05-21,125,1100948.59,7289.397571999999,385.331944,6904.065627999999
2024-05-22,6,44995.29,0.0,15.748349000000001,-15.748349000000001
2024-05-23,325,401850.6,413.347329,113.43007899999999,299.91725
2024-05-24,2,50811.899999999994,821.949278,17.784165,804.165113
2024-05-25,16,29991.129999999997,14.126038999999999,10.246887000000001,3.879151999999998
2024-05-26,16,53976.67,778.6839,18.768190999999998,759.915709
2024-05-27,251,151115.72,1129.35587,45.832466,1083.523404
2024-05-29,164,84268.76,277.791953,36.876599,240.915354
2024-05-30,7,2838.09,20.951433,0.993326,19.958107
2024-05-31,13,3636.14,25.35812,1.272646,24.085473999999998
2024-06-01,25,12834.62,91.510419,4.492106,87.018313
2024-06-02,93,29464.51,192.906947,7.792912,185.114035
2024-06-03,70,21466.86,562.808208,5.378086,557.430122
2024-06-04,53,24243.41,52.211438,7.432953,44.778485
2024-06-05,54,25350.77,56.055506,7.1040600000000005,48.951446000000004
2024-06-06,234,137557.76,274.173187,37.079424,237.093763
2024-06-07,440,1098588.76,8902.467416,372.962664,8529.504751999999
2024-06-08,29,97351.88,129.13883900000002,34.073137,95.065702
2024-06-09,17,22410.22,0.0,7.515775,-7.515775
2024-06-10,53,46587.93,31.266804999999998,14.696328000000001,16.570477
2024-06-11,123,373279.92,4320.631811,129.928213,4190.703598
2024-06-12,254,193407.96,-21886.531493,63.921417,-21950.45291
2024-06-13,79,132577.22,6632.757115,33.39975,6599.357365
2024-06-14,31,139868.66,10258.592609,38.954076,10219.638533
2024-06-15,78,718350.25,3369.958346,251.422549,3118.535797
2024-06-16,11,25235.079999999998,0.0,8.832277,-8.832277
2024-06-17,38,368380.12,10599.502375,128.93302500000001,10470.56935
2024-06-18,25,263314.79,282.57636,67.160258,215.416102
2024-06-19,61,417071.12,4887.656944,138.851743,4748.805201
2024-06-20,39,207990.8,57478.456026,13.46905,57464.986976
2024-06-21,80,176264.49,773.5582039999999,61.277099,712.281105
2024-06-22,24,169594.27000000002,756.876565,40.533382,716.343183
2024-06-23,5,1792.12,0.0,0.17921199999999998,-0.17921199999999998
2024-06-24,31,403002.8,0.0,103.551001,-103.551001
2024-06-25,49,103099.08,4869.353105,36.084651,4833.268454
2024-06-26,72,365190.66000000003,4197.732182,127.5543,4070.177882
2024-06-27,30,130486.95,0.0,45.556012,-45.556012
2024-06-29,75,280095.11,6150.326145,460.295231,5690.030914
2024-06-30,14,30520.69,0.0,17.057669,-17.057669
2024-07-01,64,362670.14999999997,5065.839308,425.323025,4640.516283
2024-07-02,18,33347.47,2421.253116,11.458730000000001,2409.794386
2024-07-03,18,179600.66,1118.387284,62.628682,1055.7586019999999
2024-07-04,25,430568.01,0.0,113.02464499999999,-113.02464499999999
2024-07-05,32,272289.89,0.0,95.130717,-95.130717
2024-07-06,24,2490.17,108.87217799999999,344.35416,-235.481982
2024-07-07,10,498.75,61.428942,0.049875,61.379067
2024-07-08,1,497.64,0.0,0.0156,-0.0156
2024-07-09,15,2736.45,648.984412,0.39756800000000003,648.586844
2024-07-10,56,687900.21,11977.734907,240.76504,11736.969867
2024-07-11,19,169887.02,1876.812082,59.460443,1817.351639
2024-07-12,19,89582.97,1412.314654,31.354029,1380.9606250000002
2024-07-13,17,139189.19,2913.617837,48.71621,2864.9016269999997
2024-07-14,7,84001.13,0.0,29.400389,-29.400389
2024-07-15,26,198344.85,-1.0,68.995769,-69.995769
2024-07-16,22,144000.57,0.0,50.400180999999996,-50.400180999999996
2024-07-17,351,626005.53,1859.269477,206.601913,1652.667564
2024-07-18,60,649704.85,3803.884311,227.396664,3576.487647
2024-07-19,23,150269.42,2155.891114,52.594288,2103.296826
2024-07-20,266,244362.21,2299.169566,80.758418,2218.411148
2024-07-21,448,234307.46,-2960.716887,64.72334,-3025.440227
2024-07-22,154,304213.8,1517.119876,97.459536,1419.66034
2024-07-23,370,358526.54,89890.302206,59.243126000000004,89831.05908
2024-07-24,90,69207.93,625.561479,55.067279,570.4942
2024-07-25,78,528555.31,916.7382600000001,224.185916,692.5523440000001
2024-07-26,152,548587.65,2766.513113,206.567015,2559.946098
2024-07-27,57,905199.75,6400.623656,316.819894,6083.803762
2024-07-28,16,43254.68,587.29903,15.139122,572.159908
2024-07-29,39,327199.14,330.80445399999996,114.519684,216.28477
2024-07-30,6,36006.47,0.0,12.602264,-12.602264
2024-07-31,43,84506.54,765.690884,29.577267000000003,736.113617
2024-08-01,57,227774.53,167.080017,108.095036,58.98498099999998
2024-08-02,63,396320.37,782.3681909999999,145.520462,636.847729
2024-08-03,37,290532.86,464.1897,108.653106,355.53659400000004
2024-08-04,127,1207744.07,-122672.000883,445.902235,-123117.903118
2024-08-05,80,420495.4,-13013.665169,202.719158,-13216.384327
2024-08-06,107,61478.38,267.318048,62.621279,204.696769
2024-08-07,33,2492.77,188.789255,3.7522038,185.0370512
2024-08-08,9,16299.35,-40.712216999999995,6.647995,-47.360212
2024-08-09,144,503204.86,18082.071276,185.25438068,17896.81689532
2024-08-10,88,11339.29,0.0,50.0831879,-50.0831879
2024-08-11,24,44230.21,847.7766200000001,40.931287,806.845333
2024-08-12,48,54167.32,858.6705000000001,36.071895,822.598605
2024-08-13,23,20797.87,212.08102,17.932876999999998,194.148143
2024-08-14,25,66710.03,2168.9015130000003,46.493106,2122.4084070000004
2024-08-15,12,1522.3700000000001,0.0,16.50261,-16.50261
2024-08-16,35,166382.84,825.230544,81.187942,744.042602
2024-08-17,30,30248.96,-288.283113,17.096539,-305.379652
2024-08-18,15,62804.48,307.201888,21.981557000000002,285.220331
2024-08-19,8,100315.03,339.69958299999996,35.110258,304.58932500000003
2024-08-20,12,49914.8,192.602844,17.470174,175.13267000000002
2024-08-21,145,104990.41,656.200925,36.746583,619.454342
2024-08-23,10,63509.56,1005.30527,22.228341999999998,983.076928
2024-08-24,7,34999.67,0.0,12.249882,-12.249882
2024-08-25,17,21950.28,0.0,26.303603,-26.303603
2024-08-26,6,92611.27,231.236918,32.302932,198.933986
2024-08-27,50,70250.16,0.0,52.053552,-52.053552
2024-08-28,9,71160.06999999999,1333.359645,24.906026,1308.453619
2024-08-29,1,9995.85,0.0,3.498547,-3.498547
2024-08-30,6,37233.24,256.464,13.031175999999999,243.432824
2024-08-31,34,107507.43000000001,10.882801,39.955315,-29.072513999999998
2024-09-01,12,12359.68,137.433093,4.325861,133.107232
2024-09-02,2,30000.42,0.0,10.500148,-10.500148
2024-09-04,34,131480.97,1065.785132,63.570226999999996,1002.214905
2024-09-05,1,0.84,0.0,0.0,0.0
2024-09-06,42,39047.1,-1104.856765,13.666476,-1118.523241
2024-09-08,1,0.11,0.0,0.0,0.0
2024-09-09,2,4014.4300000000003,0.0,34.9079,-34.9079
2024-09-10,3,2547.28,-219.729659,7.2904,-227.020059
2024-09-11,1,0.54,0.0,0.0,0.0
2024-09-14,11,1014.8000000000001,0.0,30.381330000000002,-30.381330000000002
2024-09-18,145,13633.5,-878.684794,31.732943,-910.417737
2024-09-19,19,1521.8700000000001,0.0,28.60766,-28.60766
2024-09-20,16,332873.38,9585.03428,109.317031,9475.717249
2024-09-21,23,165648.12,36165.56933,57.976841,36107.592489
2024-09-22,3,19999.739999999998,0.0,6.999907,-6.999907
2024-09-23,2,40334.29,334.760796,14.117002000000001,320.643794
2024-09-24,10,7118.63,0.0,12.966142,-12.966142
2024-09-25,9,52754.130000000005,0.0,17.764677,-17.764677
2024-09-26,8,113711.93000000001,439.812513,31.348204,408.464309
2024-09-27,56,126097.04,0.0,37.503311,-37.503311
2024-09-28,4,29199.21,0.0,2.8031200000000003,-2.8031200000000003
2024-09-30,106,214669.85,2710.626288,65.637576,2644.988712
2024-10-01,4,139954.32,0.0,48.98401,-48.98401
2024-10-02,4,99954.34,0.0,34.984016999999994,-34.984016999999994
2024-10-03,9,132935.69,100.375782,46.527491000000005,53.848290999999996
2024-10-04,1,0.34,0.0,0.0,0.0
2024-10-05,37,605605.74,5767.161892,211.961771,5555.200121
2024-10-06,22,300130.56,130.487079,105.045693,25.441386
2024-10-07,21,219984.65,0.0,76.994616,-76.994616
2024-10-08,36,434584.13,5396.546638,152.10422,5244.4424180000005
2024-10-09,14,220399.93,396.06272,77.139967,318.922753
2024-10-10,16,300024.33999999997,0.0,105.00851,-105.00851
2024-10-11,26,488904.19,8885.327477,171.116194,8714.211283
2024-10-12,10,159713.4,541.55471,55.899685,485.65502499999997
2024-10-13,10,60002.42,0.0,21.000841,-21.000841
2024-10-14,5,61916.020000000004,1913.61958,21.670604,1891.948976
2024-10-15,7,81173.36,1170.2260760000001,28.410673,1141.815403
2024-10-16,11,80229.17,219.480876,28.080204000000002,191.400672
2024-10-17,9,140531.75,36.11496,49.186107,-13.071147000000003
2024-10-18,6,120331.43000000001,333.219141,42.115998,291.103143
2024-10-19,4,99996.86,0.0,34.998901000000004,-34.998901000000004
2024-10-20,96,176447.86000000002,389.155797,59.257459,329.898338
2024-10-21,173,324117.99,2464.915564,109.858043,2355.057521
2024-10-22,3,60000.36,0.0,21.000124,-21.000124
2024-10-23,18,210006.07,-46.489941,73.502111,-119.992052
2024-10-25,30,427883.18,13235.862071,143.841914,13092.020156999999
2024-10-26,6,88668.86,42471.99413,8.512204,42463.481926
2024-10-27,4,90664.41,666.6623079999999,31.73254,634.929768
2024-10-28,13,121495.25,167.28016200000002,42.27334,125.00682200000003
2024-10-29,53,613267.8099999999,801.170876,214.643714,586.527162
2024-10-30,25,11830.85,9.150023,3.596988,5.5530349999999995
2024-10-31,48,896173.36,1214.043811,312.710928,901.332883
2024-11-01,23,260981.03,1040.475736,90.654875,949.820861
2024-11-02,2,40000.0,0.0,13.999997,-13.999997
2024-11-03,6,129055.66,0.0,40.404152,-40.404152
2024-11-04,36,451811.97,2799.410474,158.13418000000001,2641.2762940000002
2024-11-05,10,200627.23,678.4759280000001,70.219524,608.256404
2024-11-06,15,123906.9,2817.83723,43.36741,2774.46982
2024-11-07,113,111335.3,4493.353136,26.17844238,4467.17469362
2024-11-08,39,270700.44,-64.41354100000007,93.87825699999999,-158.29179800000006
2024-11-09,86,193384.41,102.90894,66.18450299999999,36.724437
2024-11-10,173,413636.7,991.114334,142.313546,848.800788
2024-11-11,373,1570572.42,6749.630996,396.91055,6352.720446
2024-11-12,171,1226354.52,3494.399394,427.904853,3066.494541
2024-11-13,48,515336.37,7846.402274,179.184068,7667.2182060000005
2024-11-14,110,1008361.81,4563.509225,335.028802,4228.480423
2024-11-15,149,1427858.42,4140.740438,466.427513,3674.312925
2024-11-16,157,303296.07,2769.521909,100.171303,2669.350606
2024-11-17,209,1215987.57,882.975285,271.111689,611.863596
2024-11-18,346,2084339.58,4470.815187,445.104339,4025.710848
2024-11-19,305,628031.15,2958.268991,201.486933,2756.782058
2024-11-20,550,1999514.1199999999,4210.0928969999995,644.057369,3566.035528
2024-11-21,535,598300.62,1692.430891,198.628267,1493.802624
2024-11-22,679,1646713.62,-18105.345617,436.439059,-18541.784676
2024-11-23,363,516245.68,2901.531638,154.621867,2746.909771
2024-11-24,172,664952.28,945.550386,202.583126,742.96726
2024-11-25,255,937410.87,5523.740734,283.779701,5239.961033
2024-11-26,302,1146902.44,1094.809359,311.298478,783.510881
2024-11-27,213,1444242.53,-2654.495633,439.714536,-3094.210169
2024-11-28,332,1894225.15,-127075.39958499999,315.582009,-127390.981594
2024-11-29,393,794262.91,176844.994152,192.45173557,176652.54241643
2024-11-30,373,1732193.7,37316.69352,552.3753395,36764.3181805
2024-12-01,416,814711.82,40886.364494,245.38375138,40640.98074262
2024-12-02,270,585243.56,18489.604313,147.88781359,18341.71649941
2024-12-03,374,1084666.53,23576.539285,330.57309170999997,23245.966193289998
2024-12-04,319,769287.65,292891.815021,172.60641765,292719.20860335
2024-12-05,456,1256750.79,71574.11848800001,352.76572323,71221.35276477
2024-12-06,403,3471019.22,-92624.643895,691.99378587,-93316.63768087
2024-12-07,304,451733.42,85906.279067,108.4520379,85797.8270291
2024-12-08,420,932939.72,15965.933436,234.17888346,15731.75455254
2024-12-09,539,983949.68,6310.967676,174.77343643,6136.19423957
2024-12-10,1596,3150424.08,39325.770231,453.54068535,38872.22954565
2024-12-11,1221,2194098.33,319051.554217,413.50923006,318638.04498694
2024-12-12,1932,4557189.87,599151.795008,698.96545151,598452.82955649
2024-12-13,1173,2880824.64,31935.901745,453.22737636,31482.67436864
2024-12-14,1235,2369561.78,167801.399244,232.09144503,167569.30779897
2024-12-15,1697,2583269.81,97525.315279,231.33057037999998,97293.98470862
2024-12-16,1055,2740808.97,166774.344133,402.150056,166372.194077
2024-12-17,1941,5233597.63,219591.305172,746.14038598,218845.16478602
2024-12-18,1429,3798887.07,13682.994673,691.44797021,12991.54670279
2024-12-19,3339,8241709.39,62744.004486000005,1056.23317908,61687.771306919996
2024-12-20,2488,7681274.71,254969.660039,1210.83830578,253758.82173322001
2024-12-21,1681,4382875.12,150022.163157,680.39159713,149341.77155987
2024-12-22,774,3087320.22,352197.163973,333.05684453,351864.10712847
2024-12-23,2347,6771878.26,-29430.626577,1200.89694657,-30631.523523569995
2024-12-24,338,1767036.11,14813.780116,386.78244023,14426.99767577
2024-12-25,208,347889.35,756.6570469999998,66.51878221999999,690.1382647799999
2024-12-26,697,2205242.65,60228.639722,523.35899848,59705.28072352
2024-12-27,260,347913.0,2672.811035,88.5556466,2584.2553884000004
2024-12-28,161,281555.01,940.673623,48.40849263,892.26513037
2024-12-29,201,344628.54,2884.067927,72.1173571,2811.9505699
2024-12-30,304,1073865.73,9009.738137,284.90632048,8724.83181652
2024-12-31,306,877164.62,5445.01281,266.51641113,5178.49639887
2025-01-01,96,282582.1,-9528.065345,31.60438221,-9559.66972721
2025-01-02,361,774674.84,8716.519087,176.13969323,8540.37939377
2025-01-03,508,771208.99,6028.486793,210.99783681,5817.48895619
2025-01-04,371,1826029.6199999999,2553.537968,233.711971,2319.825997
2025-01-05,239,451943.57,3187.719363,139.34161097,3048.37775203
2025-01-06,573,556526.99,6064.185393,174.93108825,5889.25430475
2025-01-07,637,1313178.1,16098.227531,303.38645263,15794.84107837
2025-01-08,1039,3177275.18,130117.090554,696.91291038,129420.17764361999
2025-01-09,522,1020733.25,46975.928902,275.51377943,46700.41512257
2025-01-10,819,6547449.68,-10116.875552,2094.17917505,-12211.054727050001
2025-01-11,283,1658098.71,2269.080536,494.64797735,1774.4325586500001
2025-01-12,602,2258459.17,5742.241803,612.0827527,5130.1590503
2025-01-13,408,2936648.0100000002,9655.429352,863.10012478,8792.32922722
2025-01-14,275,876581.97,16069.512355,240.59104948,15828.92130552
2025-01-15,267,1801599.8900000001,14819.5883,513.60899482,14305.97930518
2025-01-16,371,3049692.96,20807.709328,890.56916796,19917.140160040002
2025-01-17,238,1110230.46,7006.415608,351.41464889,6655.00095911
2025-01-18,651,2711629.88,443.2330819999997,815.9342014599999,-372.70111945999986
2025-01-19,1567,9715215.3,87923.799302,2162.35563971,85761.44366229
2025-01-20,1315,8287327.01,87277.239173,2207.65981966,85069.57935334
2025-01-21,530,1523729.82,11077.839421,398.3042653,10679.5351557
2025-01-22,832,1778406.43,20524.408057,471.17013976,20053.23791724
2025-01-23,1218,3697028.66,101256.24216,1088.34986968,100167.89229032
2025-01-24,874,1611433.45,10602.779738,338.6436011,10264.1361369
2025-01-25,506,1239377.7,-10348.016255999999,318.93376206,-10666.95001806
2025-01-26,451,1201173.66,40823.466668,382.25815423,40441.20851377
2025-01-27,773,1508028.31,41331.765392,406.25916743,40925.50622457
2025-01-28,498,579412.17,17979.613973,124.71028463,17854.90368837
2025-01-29,910,1897513.41,23421.01147,612.52114509,22808.49032491
2025-01-30,1067,3014397.17,23097.471385,874.65111573,22222.82026927
2025-01-31,1016,2783411.48,35868.296773,670.93805151,35197.35872149
2025-02-01,634,1363746.44,32300.205017,285.47738189,32014.72763511
2025-02-02,1319,5661092.29,162854.759623,1184.12208921,161670.63753379
2025-02-03,2380,22592901.37,348871.326269,2991.56562406,345879.76064494
2025-02-04,2512,15678409.27,416876.88812,3853.77856394,413023.10955606
2025-02-05,1297,8743231.51,56706.235562,1335.74961667,55370.48594533
2025-02-06,1703,2818508.87,33803.799733,709.13035861,33094.669374389996
2025-02-07,1524,3460263.54,22450.002091,738.0892383400001,21711.91285266
2025-02-08,575,839734.97,586.703253,109.97628618,476.72696682
2025-02-09,764,2920919.7,150551.829492,427.36182496,150124.46766704
2025-02-10,889,3624958.44,63908.49465,491.3623421,63417.1323079
2025-02-11,848,2797544.17,-6093.784817,476.43012785,-6570.2149448499995
2025-02-12,1031,4143974.54,19848.635032,1099.15503114,18749.48000086
2025-02-13,1370,3199852.21,27829.534238,823.48748402,27006.04675398
2025-02-14,1655,4007103.42,213860.675308,961.57771575,212899.09759225
2025-02-15,932,1712852.95,45042.92701,374.08731802,44668.83969198
2025-02-16,681,806177.64,2369.478425,171.57200528,2197.90641972
2025-02-17,941,2031044.64,1818.573295,253.48675564,1565.08653936
2025-02-18,1676,3371128.68,91204.672403,609.53940291,90595.13300009
2025-02-19,1361,3263930.24,14985.794701,688.4874495,14297.3072515
2025-02-20,2012,4628609.29,46008.794102,1232.46402475,44776.33007725
2025-02-21,1873,3972159.88,119693.49395,829.71831377,118863.77563623
2025-02-22,686,3175570.2,25278.704178,880.16463397,24398.53954403
2025-02-23,520,1141310.74,10656.934251,230.00271917,10426.93153183
2025-02-24,5616,11223619.59,38470.176242,2097.96443324,36372.21180876
2025-02-25,6246,19414984.36,204762.177034,3186.61506431,201575.56196969
2025-02-26,1176,4946958.13,63229.063129,754.17254667,62474.89058233
2025-02-27,890,1999898.43,-36525.167517,512.14597331,-37037.31349031
2025-02-28,1019,4123660.77,225628.108748,878.39826396,224749.71048404
2025-03-01,174,263824.13,10596.108968,37.06354539,10559.045422610001
2025-03-02,532,6460848.74,66914.320708,1931.69694201,64982.62376599
2025-03-03,1482,8244590.38,616413.032233,1040.56404242,615372.46819058
2025-03-04,2402,11124247.15,182075.566585,2220.33648528,179855.23009972
2025-03-05,1660,9193654.22,269328.365917,2321.32151085,267007.04440615
2025-03-06,760,6765324.96,16101.125561,1306.61716326,14794.508397739999
2025-03-07,2552,19854275.48,150236.061627,4916.50104687,145319.56058013
2025-03-08,529,892083.51,24700.773359,208.339773,24492.433586
2025-03-09,1422,10419697.99,19773.457395,2377.0639268,17396.3934682
2025-03-10,2911,16811790.68,-10010.027269999999,3488.37247123,-13498.399741230003
2025-03-11,3286,14016952.09,-76880.729036,2441.08024204,-79321.80927804
2025-03-12,3968,18618139.15,288105.984215,3658.41357197,284447.57064303
2025-03-13,962,3285591.22,14114.870873,809.18670717,13305.68416583
2025-03-14,2210,8047187.16,68646.160089,1193.48707492,67452.67301408
2025-03-15,261,2355749.54,78694.624572,574.332888,78120.291684
2025-03-16,530,10187921.51,-7910.943544999999,2442.48300218,-10353.426547179999
2025-03-17,920,3592895.05,26163.906513,807.74000798,25356.16650502
2025-03-18,834,4050655.47,72322.788824,857.936131,71464.852693
2025-03-19,1612,4598813.57,29374.682341,784.4900710184,28590.1922699816
2025-03-20,771,1652257.93,10246.859436,329.235446,9917.62399
2025-03-21,698,2543903.39,6951.270374,633.46068283,6317.80969117
2025-03-22,535,971809.42,12498.535254,268.83480197,12229.70045203
2025-03-23,447,2593519.67,14047.421585,597.21601403,13450.20557097
2025-03-24,1027,3017587.05,107878.961301,531.10535137,107347.85594963
2025-03-25,791,5372519.77,32030.90678,1401.35398577,30629.55279423
2025-03-26,3102,7597754.37,15802.167427,1796.80351609,14005.36391091
2025-03-27,785,3240279.46,58825.359221,714.0241193,58111.3351017
2025-03-28,728,1483092.61,21337.179335,389.28339505,20947.895939949998
2025-03-29,1894,3668151.83,12098.872931,839.84451462,11259.02841638
2025-03-30,568,2850874.96,15795.11514,759.07175327,15036.04338673
2025-03-31,495,2164772.4699999997,6978.184557,482.00163111,6496.182925889999
2025-04-01,192,704445.1900000001,-2202.6622420000003,162.93599482,-2365.5982368200002
2025-04-02,1076,3867930.6,202212.740938,1181.2230379,201031.5179001
2025-04-03,1748,8670233.15,-2365.961276,1337.1188527,-3703.0801287000004
2025-04-04,1272,3835545.73,-25515.678949999998,836.063409361,-26351.742359361
2025-04-05,360,1267564.22,35907.33771,282.060344,35625.277366
2025-04-06,1048,3551252.06,47053.449272,618.4359126335,46435.0133593665
2025-04-07,2814,14460253.14,34527.370305,2766.5551014029,31760.8152035971
2025-04-08,943,8869391.4,34899.394798,2274.97769106,32624.41710694
2025-04-09,3967,28556806.47,43120.444797,6111.274358194,37009.170438806
2025-04-10,2127,28741953.29,158261.822261,6868.556500782,151393.265760218
2025-04-11,1096,11319327.07,126406.479081,2174.4390780901,124232.04000290991
2025-04-12,2109,55914617.49,410419.694533,11517.596374457,398902.098158543
2025-04-13,1321,14171154.79,48696.021521,2568.3362202649,46127.6853007351
2025-04-14,890,13079972.98,45680.443063,2023.157718567,43657.285344432996
2025-04-15,1131,20752168.24,72357.706282,1866.90475939,70490.80152261
2025-04-16,1608,36502715.9,58631.730257,5997.61790529,52634.11235171
2025-04-17,1031,2604551.51,5427.919886,519.20873692,4908.71114908
2025-04-18,1894,24610650.46,4880.4047439999995,4667.32793177,213.07681222999963
2025-04-19,2786,32706462.71,71950.577495,6480.62633269,65469.95116231
2025-04-20,1982,12126094.05,25060.341936,1887.3296081058,23173.0123278942
2025-04-21,1718,42104054.84,34369.267906999994,6356.09106388,28013.17684312
2025-04-22,2998,33753625.24,58652.763578,5749.685751,52903.077827
2025-04-23,6159,30682443.79,-419020.225731,7342.08084188,-426362.30657288
2025-04-24,2232,35088918.64,50704.395965,7366.5003199353005,43337.8956450647
2025-04-25,1653,27749455.78,20218.859206,6299.0932547382,13919.765951261801
2025-04-26,1131,11948127.77,-4125.753942,2652.30675352,-6778.06069552
2025-04-27,337,487537.69,2702.067468,55.9267726562,2646.1406953438
2025-04-28,1379,26124921.49,36906.813759,6007.2514035301,30899.5623554699
2025-04-29,2243,34089511.66,125749.613427,5149.2952871531,120600.3181398469
2025-04-30,1113,12693878.85,14003.797269,2950.1837728755,11053.6134961245
2025-05-01,1230,10720240.52,54536.829297000004,2652.6136779658,51884.2156190342
